<?xml version="1.0" encoding="UTF-8"?>
<CustomApplication xmlns="http://soap.sforce.com/2006/04/metadata">
    <actionOverrides>
        <actionName>Tab</actionName>
        <content>Home</content>
        <formFactor>Large</formFactor>
        <skipRecordTypeSelect>false</skipRecordTypeSelect>
        <type>Flexipage</type>
        <pageOrSobjectType>standard-home</pageOrSobjectType>
    </actionOverrides>
    <brand>
        <headerColor>#0070D2</headerColor>
        <shouldOverrideOrgTheme>false</shouldOverrideOrgTheme>
    </brand>
    <formFactors>Small</formFactors>
    <formFactors>Large</formFactors>
    <isNavAutoTempTabsDisabled>false</isNavAutoTempTabsDisabled>
    <isNavPersonalizationDisabled>false</isNavPersonalizationDisabled>
    <label>Revature Music Store</label>
    <navType>Standard</navType>
    <tabs>Revature_Music_Class_Roster__c</tabs>
    <tabs>Revature_Music_Class__c</tabs>
    <tabs>Revature_Music_Client__c</tabs>
    <tabs>Revature_Music_Store_Roster__c</tabs>
    <tabs>standard-Contact</tabs>
    <tabs>Music_Store_Accounts__c</tabs>
    <tabs>Revature_Music_Store__c</tabs>
    <tabs>Music_Product__c</tabs>
    <tabs>Music_Product_Return__c</tabs>
    <tabs>Music_Product_Order__c</tabs>
    <tabs>Music_Store_Stock_Task__c</tabs>
    <tabs>Student__c</tabs>
    <tabs>standard-home</tabs>
    <uiType>Lightning</uiType>
    <utilityBar>Revature_Music_Store_UtilityBar</utilityBar>
</CustomApplication>
