<?xml version="1.0" encoding="UTF-8"?>
<CustomApplication xmlns="http://soap.sforce.com/2006/04/metadata">
    <formFactors>Small</formFactors>
    <formFactors>Large</formFactors>
    <isNavAutoTempTabsDisabled>false</isNavAutoTempTabsDisabled>
    <isNavPersonalizationDisabled>false</isNavPersonalizationDisabled>
    <label>Service Console</label>
    <navType>Console</navType>
    <setupExperience>service</setupExperience>
    <tabs>standard-Case</tabs>
    <tabs>standard-Contact</tabs>
    <tabs>standard-Account</tabs>
    <tabs>standard-report</tabs>
    <tabs>standard-Dashboard</tabs>
    <tabs>standard-home</tabs>
    <tabs>Revature_Music_Class__c</tabs>
    <tabs>Revature_Music_Class_Roster__c</tabs>
    <tabs>Revature_Music_Client__c</tabs>
    <tabs>Revature_Music_Store__c</tabs>
    <tabs>Revature_Music_Store_Roster__c</tabs>
    <tabs>Music_Store_Accounts__c</tabs>
    <tabs>Music_Product__c</tabs>
    <tabs>Music_Product_Return__c</tabs>
    <tabs>Music_Product_Order__c</tabs>
    <tabs>Music_Store_Stock_Task__c</tabs>
    <tabs>Student__c</tabs>
    <uiType>Lightning</uiType>
    <utilityBar>LightningService_UtilityBar</utilityBar>
    <workspaceConfig>
        <mappings>
            <tab>Music_Product_Order__c</tab>
        </mappings>
        <mappings>
            <tab>Music_Product_Return__c</tab>
        </mappings>
        <mappings>
            <tab>Music_Product__c</tab>
        </mappings>
        <mappings>
            <tab>Music_Store_Accounts__c</tab>
        </mappings>
        <mappings>
            <tab>Music_Store_Stock_Task__c</tab>
        </mappings>
        <mappings>
            <tab>Revature_Music_Class_Roster__c</tab>
        </mappings>
        <mappings>
            <tab>Revature_Music_Class__c</tab>
        </mappings>
        <mappings>
            <tab>Revature_Music_Client__c</tab>
        </mappings>
        <mappings>
            <tab>Revature_Music_Store_Roster__c</tab>
        </mappings>
        <mappings>
            <tab>Revature_Music_Store__c</tab>
        </mappings>
        <mappings>
            <tab>Student__c</tab>
        </mappings>
        <mappings>
            <tab>standard-Account</tab>
        </mappings>
        <mappings>
            <tab>standard-Case</tab>
        </mappings>
        <mappings>
            <tab>standard-Contact</tab>
        </mappings>
        <mappings>
            <tab>standard-Dashboard</tab>
        </mappings>
        <mappings>
            <tab>standard-home</tab>
        </mappings>
        <mappings>
            <tab>standard-report</tab>
        </mappings>
    </workspaceConfig>
</CustomApplication>
