<?xml version="1.0" encoding="UTF-8"?>
<CustomApplication xmlns="http://soap.sforce.com/2006/04/metadata">
    <formFactors>Large</formFactors>
    <isNavAutoTempTabsDisabled>false</isNavAutoTempTabsDisabled>
    <isNavPersonalizationDisabled>false</isNavPersonalizationDisabled>
    <label>Salesforce CMS</label>
    <navType>Console</navType>
    <tabs>standard-CmsAuthorHome</tabs>
    <tabs>standard-CmsChannel</tabs>
    <tabs>standard-CmsWorkspaces</tabs>
    <tabs>standard-CmsExperiences</tabs>
    <tabs>Revature_Music_Class__c</tabs>
    <tabs>Revature_Music_Class_Roster__c</tabs>
    <tabs>Revature_Music_Client__c</tabs>
    <tabs>Revature_Music_Store__c</tabs>
    <tabs>Revature_Music_Store_Roster__c</tabs>
    <tabs>Music_Store_Accounts__c</tabs>
    <tabs>Music_Product__c</tabs>
    <tabs>Music_Product_Return__c</tabs>
    <tabs>Music_Product_Order__c</tabs>
    <tabs>Music_Store_Stock_Task__c</tabs>
    <tabs>Student__c</tabs>
    <uiType>Lightning</uiType>
    <workspaceConfig>
        <mappings>
            <tab>Music_Product_Order__c</tab>
        </mappings>
        <mappings>
            <tab>Music_Product_Return__c</tab>
        </mappings>
        <mappings>
            <tab>Music_Product__c</tab>
        </mappings>
        <mappings>
            <tab>Music_Store_Accounts__c</tab>
        </mappings>
        <mappings>
            <tab>Music_Store_Stock_Task__c</tab>
        </mappings>
        <mappings>
            <tab>Revature_Music_Class_Roster__c</tab>
        </mappings>
        <mappings>
            <tab>Revature_Music_Class__c</tab>
        </mappings>
        <mappings>
            <tab>Revature_Music_Client__c</tab>
        </mappings>
        <mappings>
            <tab>Revature_Music_Store_Roster__c</tab>
        </mappings>
        <mappings>
            <tab>Revature_Music_Store__c</tab>
        </mappings>
        <mappings>
            <tab>Student__c</tab>
        </mappings>
        <mappings>
            <tab>standard-CmsAuthorHome</tab>
        </mappings>
        <mappings>
            <tab>standard-CmsChannel</tab>
        </mappings>
        <mappings>
            <tab>standard-CmsExperiences</tab>
        </mappings>
        <mappings>
            <tab>standard-CmsWorkspaces</tab>
        </mappings>
    </workspaceConfig>
</CustomApplication>
