<?xml version="1.0" encoding="UTF-8"?>
<CustomApplication xmlns="http://soap.sforce.com/2006/04/metadata">
    <formFactors>Large</formFactors>
    <isNavAutoTempTabsDisabled>false</isNavAutoTempTabsDisabled>
    <isNavPersonalizationDisabled>false</isNavPersonalizationDisabled>
    <label>LightningBolt</label>
    <navType>Standard</navType>
    <tabs>standard-LightningBoltHome</tabs>
    <tabs>Revature_Music_Class__c</tabs>
    <tabs>Revature_Music_Class_Roster__c</tabs>
    <tabs>Revature_Music_Client__c</tabs>
    <tabs>Revature_Music_Store__c</tabs>
    <tabs>Revature_Music_Store_Roster__c</tabs>
    <tabs>Music_Store_Accounts__c</tabs>
    <tabs>Music_Product__c</tabs>
    <tabs>Music_Product_Return__c</tabs>
    <tabs>Music_Product_Order__c</tabs>
    <tabs>Music_Store_Stock_Task__c</tabs>
    <tabs>Student__c</tabs>
    <uiType>Lightning</uiType>
</CustomApplication>
