<?xml version="1.0" encoding="UTF-8"?>
<CustomField xmlns="http://soap.sforce.com/2006/04/metadata">
    <fullName>Popularity__c</fullName>
    <externalId>false</externalId>
    <label>Popularity</label>
    <required>false</required>
    <trackTrending>false</trackTrending>
    <type>Picklist</type>
    <valueSet>
        <restricted>true</restricted>
        <valueSetDefinition>
            <sorted>false</sorted>
            <value>
                <fullName>Tremendous</fullName>
                <default>false</default>
                <label>Tremendous</label>
            </value>
            <value>
                <fullName>Very</fullName>
                <default>false</default>
                <label>Very</label>
            </value>
            <value>
                <fullName>Average</fullName>
                <default>false</default>
                <label>Average</label>
            </value>
            <value>
                <fullName>Low</fullName>
                <default>false</default>
                <label>Low</label>
            </value>
            <value>
                <fullName>Non-existent</fullName>
                <default>false</default>
                <label>Non-existent</label>
            </value>
        </valueSetDefinition>
    </valueSet>
</CustomField>
