<?xml version="1.0" encoding="UTF-8"?>
<CustomField xmlns="http://soap.sforce.com/2006/04/metadata">
    <fullName>Account__c</fullName>
    <deleteConstraint>Restrict</deleteConstraint>
    <description>Account making the return</description>
    <externalId>false</externalId>
    <label>Account</label>
    <referenceTo>Account</referenceTo>
    <relationshipLabel>Music Product Returns</relationshipLabel>
    <relationshipName>Music_Product_Returns</relationshipName>
    <required>true</required>
    <trackTrending>false</trackTrending>
    <type>Lookup</type>
</CustomField>
