<?xml version="1.0" encoding="UTF-8"?>
<CustomField xmlns="http://soap.sforce.com/2006/04/metadata">
    <fullName>Music_Product_Item__c</fullName>
    <description>Product being returned</description>
    <externalId>false</externalId>
    <label>Music Product Item</label>
    <referenceTo>Music_Product__c</referenceTo>
    <relationshipLabel>Music Product Returns</relationshipLabel>
    <relationshipName>Music_Product_Returns</relationshipName>
    <relationshipOrder>0</relationshipOrder>
    <reparentableMasterDetail>false</reparentableMasterDetail>
    <trackTrending>false</trackTrending>
    <type>MasterDetail</type>
    <writeRequiresMasterRead>false</writeRequiresMasterRead>
</CustomField>
