<?xml version="1.0" encoding="UTF-8"?>
<CustomField xmlns="http://soap.sforce.com/2006/04/metadata">
    <fullName>Student_2__c</fullName>
    <deleteConstraint>SetNull</deleteConstraint>
    <externalId>false</externalId>
    <label>Student 2</label>
    <referenceTo>Student__c</referenceTo>
    <relationshipLabel>Revature Music Class Rosters (Student 2)</relationshipLabel>
    <relationshipName>Revature_Music_Class_Rosters1</relationshipName>
    <required>false</required>
    <trackHistory>false</trackHistory>
    <trackTrending>false</trackTrending>
    <type>Lookup</type>
</CustomField>
