<?xml version="1.0" encoding="UTF-8"?>
<CustomField xmlns="http://soap.sforce.com/2006/04/metadata">
    <fullName>Revature_Music_Store__c</fullName>
    <externalId>false</externalId>
    <label>Revature Music Store</label>
    <referenceTo>Revature_Music_Store__c</referenceTo>
    <relationshipLabel>Revature Music Store Rosters</relationshipLabel>
    <relationshipName>Revature_Music_Store_Rosters</relationshipName>
    <relationshipOrder>0</relationshipOrder>
    <reparentableMasterDetail>false</reparentableMasterDetail>
    <trackHistory>false</trackHistory>
    <trackTrending>false</trackTrending>
    <type>MasterDetail</type>
    <writeRequiresMasterRead>false</writeRequiresMasterRead>
</CustomField>
