<?xml version="1.0" encoding="UTF-8"?>
<CustomField xmlns="http://soap.sforce.com/2006/04/metadata">
    <fullName>Music_Product__c</fullName>
    <deleteConstraint>SetNull</deleteConstraint>
    <externalId>false</externalId>
    <label>Music Product</label>
    <referenceTo>Music_Product__c</referenceTo>
    <relationshipLabel>Music Store Stock Tasks</relationshipLabel>
    <relationshipName>Music_Store_Stock_Tasks</relationshipName>
    <required>false</required>
    <trackTrending>false</trackTrending>
    <type>Lookup</type>
</CustomField>
