<?xml version="1.0" encoding="UTF-8"?>
<CustomField xmlns="http://soap.sforce.com/2006/04/metadata">
    <fullName>Instrument_Woodwind__c</fullName>
    <externalId>false</externalId>
    <label>Instrument Woodwind</label>
    <required>false</required>
    <trackTrending>false</trackTrending>
    <type>MultiselectPicklist</type>
    <valueSet>
        <restricted>true</restricted>
        <valueSetDefinition>
            <sorted>false</sorted>
            <value>
                <fullName>Saxaphone</fullName>
                <default>false</default>
                <label>Saxaphone</label>
            </value>
            <value>
                <fullName>Clairnet</fullName>
                <default>false</default>
                <label>Clairnet</label>
            </value>
            <value>
                <fullName>Flute</fullName>
                <default>false</default>
                <label>Flute</label>
            </value>
            <value>
                <fullName>Recorder</fullName>
                <default>false</default>
                <label>Recorder</label>
            </value>
            <value>
                <fullName>Oboe</fullName>
                <default>false</default>
                <label>Oboe</label>
            </value>
            <value>
                <fullName>Bassoon</fullName>
                <default>false</default>
                <label>Bassoon</label>
            </value>
            <value>
                <fullName>Piccolo</fullName>
                <default>false</default>
                <label>Piccolo</label>
            </value>
            <value>
                <fullName>Bansuri</fullName>
                <default>false</default>
                <label>Bansuri</label>
            </value>
            <value>
                <fullName>Dizi</fullName>
                <default>false</default>
                <label>Dizi</label>
            </value>
        </valueSetDefinition>
    </valueSet>
    <visibleLines>4</visibleLines>
</CustomField>
