<?xml version="1.0" encoding="UTF-8"?>
<CustomField xmlns="http://soap.sforce.com/2006/04/metadata">
    <fullName>Instruments_Percussion__c</fullName>
    <externalId>false</externalId>
    <label>Instruments Percussion</label>
    <required>false</required>
    <trackTrending>false</trackTrending>
    <type>MultiselectPicklist</type>
    <valueSet>
        <restricted>true</restricted>
        <valueSetDefinition>
            <sorted>false</sorted>
            <value>
                <fullName>Piano</fullName>
                <default>false</default>
                <label>Piano</label>
            </value>
            <value>
                <fullName>Drums</fullName>
                <default>false</default>
                <label>Drums</label>
            </value>
            <value>
                <fullName>Xylophone</fullName>
                <default>false</default>
                <label>Xylophone</label>
            </value>
            <value>
                <fullName>Cymbal</fullName>
                <default>false</default>
                <label>Cymbal</label>
            </value>
            <value>
                <fullName>Tambourine</fullName>
                <default>false</default>
                <label>Tambourine</label>
            </value>
            <value>
                <fullName>Marimba</fullName>
                <default>false</default>
                <label>Marimba</label>
            </value>
            <value>
                <fullName>Bell</fullName>
                <default>false</default>
                <label>Bell</label>
            </value>
        </valueSetDefinition>
    </valueSet>
    <visibleLines>4</visibleLines>
</CustomField>
