<?xml version="1.0" encoding="UTF-8"?>
<CustomField xmlns="http://soap.sforce.com/2006/04/metadata">
    <fullName>Instruments_String__c</fullName>
    <externalId>false</externalId>
    <label>Instruments String</label>
    <required>false</required>
    <trackTrending>false</trackTrending>
    <type>MultiselectPicklist</type>
    <valueSet>
        <restricted>true</restricted>
        <valueSetDefinition>
            <sorted>false</sorted>
            <value>
                <fullName>Guitar</fullName>
                <default>false</default>
                <label>Guitar</label>
            </value>
            <value>
                <fullName>Violin</fullName>
                <default>false</default>
                <label>Violin</label>
            </value>
            <value>
                <fullName>Harp</fullName>
                <default>false</default>
                <label>Harp</label>
            </value>
            <value>
                <fullName>Sitar</fullName>
                <default>false</default>
                <label>Sitar</label>
            </value>
            <value>
                <fullName>Bass</fullName>
                <default>false</default>
                <label>Bass</label>
            </value>
            <value>
                <fullName>Viola</fullName>
                <default>false</default>
                <label>Viola</label>
            </value>
        </valueSetDefinition>
    </valueSet>
    <visibleLines>4</visibleLines>
</CustomField>
