<?xml version="1.0" encoding="UTF-8"?>
<CustomField xmlns="http://soap.sforce.com/2006/04/metadata">
    <fullName>Instruments_Brass__c</fullName>
    <externalId>false</externalId>
    <label>Instruments Brass</label>
    <required>false</required>
    <trackTrending>false</trackTrending>
    <type>MultiselectPicklist</type>
    <valueSet>
        <restricted>true</restricted>
        <valueSetDefinition>
            <sorted>false</sorted>
            <value>
                <fullName>Trumpet</fullName>
                <default>false</default>
                <label>Trumpet</label>
            </value>
            <value>
                <fullName>Trombone</fullName>
                <default>false</default>
                <label>Trombone</label>
            </value>
            <value>
                <fullName>French horn</fullName>
                <default>false</default>
                <label>French horn</label>
            </value>
            <value>
                <fullName>Tuba</fullName>
                <default>false</default>
                <label>Tuba</label>
            </value>
            <value>
                <fullName>Euphonium</fullName>
                <default>false</default>
                <label>Euphonium</label>
            </value>
            <value>
                <fullName>Cornet</fullName>
                <default>false</default>
                <label>Cornet</label>
            </value>
            <value>
                <fullName>Flugel</fullName>
                <default>false</default>
                <label>Flugel</label>
            </value>
            <value>
                <fullName>Horn</fullName>
                <default>false</default>
                <label>Horn</label>
            </value>
        </valueSetDefinition>
    </valueSet>
    <visibleLines>4</visibleLines>
</CustomField>
