<?xml version="1.0" encoding="UTF-8"?>
<CustomField xmlns="http://soap.sforce.com/2006/04/metadata">
    <fullName>Credit_Card_Type__c</fullName>
    <externalId>false</externalId>
    <label>Credit Card Type</label>
    <required>false</required>
    <trackHistory>false</trackHistory>
    <trackTrending>false</trackTrending>
    <type>Picklist</type>
    <valueSet>
        <restricted>true</restricted>
        <valueSetDefinition>
            <sorted>false</sorted>
            <value>
                <fullName>MasterCard</fullName>
                <default>false</default>
                <label>MasterCard</label>
            </value>
            <value>
                <fullName>American Express</fullName>
                <default>false</default>
                <label>American Express</label>
            </value>
            <value>
                <fullName>Citibank</fullName>
                <default>false</default>
                <label>Citibank</label>
            </value>
            <value>
                <fullName>Visa</fullName>
                <default>false</default>
                <label>Visa</label>
            </value>
            <value>
                <fullName>Bank of America</fullName>
                <default>false</default>
                <label>Bank of America</label>
            </value>
            <value>
                <fullName>US Bank</fullName>
                <default>false</default>
                <label>US Bank</label>
            </value>
        </valueSetDefinition>
    </valueSet>
</CustomField>
