<?xml version="1.0" encoding="UTF-8"?>
<CustomField xmlns="http://soap.sforce.com/2006/04/metadata">
    <fullName>Music_Product_Purchased_3__c</fullName>
    <deleteConstraint>SetNull</deleteConstraint>
    <externalId>false</externalId>
    <label>Music Product Purchased 3</label>
    <referenceTo>Music_Product__c</referenceTo>
    <relationshipLabel>Music Product Orders (Music Product Purchased 3)</relationshipLabel>
    <relationshipName>Music_Product_Orders2</relationshipName>
    <required>false</required>
    <trackHistory>false</trackHistory>
    <trackTrending>false</trackTrending>
    <type>Lookup</type>
</CustomField>
