<?xml version="1.0" encoding="UTF-8"?>
<CustomField xmlns="http://soap.sforce.com/2006/04/metadata">
    <fullName>Purchase_Type__c</fullName>
    <description>How did the customer make the purchase.</description>
    <externalId>false</externalId>
    <label>Purchase Type</label>
    <required>false</required>
    <trackHistory>false</trackHistory>
    <trackTrending>false</trackTrending>
    <type>Picklist</type>
    <valueSet>
        <restricted>true</restricted>
        <valueSetDefinition>
            <sorted>false</sorted>
            <value>
                <fullName>Online</fullName>
                <default>false</default>
                <label>Online</label>
            </value>
            <value>
                <fullName>In Store</fullName>
                <default>false</default>
                <label>In Store</label>
            </value>
            <value>
                <fullName>Over the Phone</fullName>
                <default>false</default>
                <label>Over the Phone</label>
            </value>
        </valueSetDefinition>
    </valueSet>
</CustomField>
