<?xml version="1.0" encoding="UTF-8"?>
<CustomField xmlns="http://soap.sforce.com/2006/04/metadata">
    <fullName>Shipping_Address_Zipcode__c</fullName>
    <description>Zipcode that product is being shipped to.</description>
    <externalId>false</externalId>
    <label>Shipping Address Zipcode</label>
    <length>16</length>
    <required>false</required>
    <trackHistory>false</trackHistory>
    <trackTrending>false</trackTrending>
    <type>Text</type>
    <unique>false</unique>
</CustomField>
