<?xml version="1.0" encoding="UTF-8"?>
<CustomField xmlns="http://soap.sforce.com/2006/04/metadata">
    <fullName>Assistant_Instructor__c</fullName>
    <deleteConstraint>SetNull</deleteConstraint>
    <externalId>false</externalId>
    <label>Assistant Instructor</label>
    <referenceTo>Music_Store_Accounts__c</referenceTo>
    <relationshipLabel>Revature Music Classes</relationshipLabel>
    <relationshipName>Revature_Music_Classes</relationshipName>
    <required>false</required>
    <trackHistory>false</trackHistory>
    <trackTrending>false</trackTrending>
    <type>Lookup</type>
</CustomField>
