<?xml version="1.0" encoding="UTF-8"?>
<CustomField xmlns="http://soap.sforce.com/2006/04/metadata">
    <fullName>Revature_Music_Class_Roster__c</fullName>
    <deleteConstraint>SetNull</deleteConstraint>
    <externalId>false</externalId>
    <label>Revature Music Class Roster</label>
    <referenceTo>Revature_Music_Class_Roster__c</referenceTo>
    <relationshipLabel>Revature Music Classes</relationshipLabel>
    <relationshipName>Revature_Music_Classes1</relationshipName>
    <required>false</required>
    <trackHistory>false</trackHistory>
    <trackTrending>false</trackTrending>
    <type>Lookup</type>
</CustomField>
